ID,Count
2.jpg,11
3.jpg,24
4.jpg,34
5.jpg,106
6.jpg,35
285.jpg,3
286.jpg,7
287.jpg,15
288.jpg,15
289.jpg,19
290.jpg,5
291.jpg,23
292.jpg,34
293.jpg,32
294.jpg,126
295.jpg,68
296.jpg,37
297.jpg,9
298.jpg,79
299.jpg,17
300.jpg,32
301.jpg,22
302.jpg,12
303.jpg,36
305.jpg,8
306.jpg,21
307.jpg,14
308.jpg,12
309.jpg,112
310.jpg,15
311.jpg,20
312.jpg,30
313.jpg,22
315.jpg,17
316.jpg,14
317.jpg,46
319.jpg,11
320.jpg,15
321.jpg,16
322.jpg,13
323.jpg,33
324.jpg,5
325.jpg,5
326.jpg,12
327.jpg,13
328.jpg,41
329.jpg,18
330.jpg,17
331.jpg,36
332.jpg,7
333.jpg,77
334.jpg,11
335.jpg,16
336.jpg,38
337.jpg,6
339.jpg,21
340.jpg,9
341.jpg,11
342.jpg,18
343.jpg,15
344.jpg,46
345.jpg,43
346.jpg,5
347.jpg,48
348.jpg,20
349.jpg,23
350.jpg,13
351.jpg,27
680.jpg,19
681.jpg,29
682.jpg,20
685.jpg,125
686.jpg,65
687.jpg,295
689.jpg,67
691.jpg,56
692.jpg,13
693.jpg,22
694.jpg,26
695.jpg,14
697.jpg,72
698.jpg,104
701.jpg,75
702.jpg,76
703.jpg,38
704.jpg,52
705.jpg,52
706.jpg,34
708.jpg,17
709.jpg,180
710.jpg,13
711.jpg,31
712.jpg,70
713.jpg,24
714.jpg,92
715.jpg,21
716.jpg,81
717.jpg,22
719.jpg,23
904.jpg,2
905.jpg,33
906.jpg,33
907.jpg,2
909.jpg,13
910.jpg,22
911.jpg,60
985.jpg,72
988.jpg,11
989.jpg,67
990.jpg,152
991.jpg,104
993.jpg,20
995.jpg,22
996.jpg,22
998.jpg,35
999.jpg,32
1050.jpg,46
1053.jpg,44
1061.jpg,7
1106.jpg,51
1123.jpg,515
1130.jpg,144
1455.jpg,81
1456.jpg,218
1458.jpg,201
1461.jpg,117
1462.jpg,419
1463.jpg,86
1464.jpg,67
1467.jpg,50
1493.jpg,78
1497.jpg,231
1509.jpg,55
1537.jpg,49
1572.jpg,57
1873.jpg,14
1874.jpg,1
1875.jpg,44
1881.jpg,10
1884.jpg,4
1886.jpg,9
1887.jpg,9
1888.jpg,20
1889.jpg,12
2004.jpg,289
2005.jpg,177
2007.jpg,80
2008.jpg,56
2009.jpg,348
2010.jpg,26
2011.jpg,87
2012.jpg,46
2013.jpg,44
2014.jpg,8
2015.jpg,35
2016.jpg,44
2017.jpg,80
2018.jpg,42
2019.jpg,23
2020.jpg,25
2021.jpg,17
2025.jpg,76
2026.jpg,30
2027.jpg,61
2028.jpg,5
2029.jpg,76
2030.jpg,7
2031.jpg,23
2032.jpg,26
2033.jpg,51
2035.jpg,57
2036.jpg,40
2037.jpg,148
2038.jpg,338
2039.jpg,113
2040.jpg,16
2041.jpg,102
2042.jpg,44
2043.jpg,94
2044.jpg,46
2045.jpg,7
2046.jpg,27
2047.jpg,44
2048.jpg,35
2049.jpg,98
2051.jpg,26
2052.jpg,17
2053.jpg,70
2054.jpg,7
2138.jpg,27
2139.jpg,21
2140.jpg,12
2141.jpg,6
2142.jpg,30
2143.jpg,29
2145.jpg,13
2146.jpg,16
2147.jpg,10
2150.jpg,5
2151.jpg,3
2152.jpg,6
2153.jpg,30
2155.jpg,15
2156.jpg,51
2157.jpg,127
2159.jpg,240
2162.jpg,31
2163.jpg,6
2164.jpg,7
2165.jpg,22
2166.jpg,84
2168.jpg,51
2170.jpg,89
2171.jpg,25
2172.jpg,77
2173.jpg,72
2174.jpg,17
2175.jpg,41
2176.jpg,54
2177.jpg,23
2178.jpg,14
2179.jpg,8
2180.jpg,187
2181.jpg,14
2182.jpg,23
2184.jpg,32
2189.jpg,1
2190.jpg,6
2191.jpg,10
2192.jpg,6
2193.jpg,27
2194.jpg,50
2195.jpg,6
2197.jpg,65
2198.jpg,21
2199.jpg,6
2202.jpg,114
2203.jpg,30
2204.jpg,4
2206.jpg,73
2207.jpg,10
2208.jpg,3
2209.jpg,5
2210.jpg,24
2211.jpg,31
2213.jpg,21
2215.jpg,32
2216.jpg,21
2217.jpg,5
2218.jpg,5
2219.jpg,253
2220.jpg,2
2223.jpg,10
2225.jpg,15
2226.jpg,26
2227.jpg,8
2229.jpg,44
2232.jpg,72
2233.jpg,48
2234.jpg,10
2235.jpg,18
2236.jpg,71
2237.jpg,14
2238.jpg,20
2239.jpg,15
2240.jpg,31
2241.jpg,25
2243.jpg,266
2244.jpg,4
2245.jpg,65
2246.jpg,21
2247.jpg,27
2248.jpg,62
2252.jpg,73
2255.jpg,13
2256.jpg,59
2257.jpg,4
2258.jpg,62
2259.jpg,179
2260.jpg,9
2261.jpg,129
2262.jpg,2
2264.jpg,2
2265.jpg,40
2267.jpg,8
2268.jpg,40
2269.jpg,7
2270.jpg,68
2271.jpg,21
2272.jpg,3
2273.jpg,202
2274.jpg,51
2275.jpg,19
2276.jpg,22
2277.jpg,31
2279.jpg,16
2280.jpg,87
2281.jpg,6
2282.jpg,64
2284.jpg,21
2285.jpg,30
2286.jpg,7
2287.jpg,175
2288.jpg,16
2607.jpg,42
2611.jpg,6
2612.jpg,28
2613.jpg,17
2614.jpg,27
2615.jpg,0
2617.jpg,36
2619.jpg,3
2907.jpg,45
2908.jpg,39
2910.jpg,30
2912.jpg,78
2913.jpg,24
2914.jpg,30
2915.jpg,63
2916.jpg,214
2917.jpg,21
2918.jpg,40
2920.jpg,27
2921.jpg,33
2922.jpg,31
2923.jpg,64
2924.jpg,58
2925.jpg,76
2926.jpg,28
2927.jpg,74
2928.jpg,31
2929.jpg,66
2930.jpg,77
2931.jpg,6
2932.jpg,41
2933.jpg,68
2934.jpg,74
2935.jpg,42
2936.jpg,26
2937.jpg,51
2938.jpg,24
2939.jpg,39
2941.jpg,15
2942.jpg,24
2943.jpg,33
2944.jpg,58
2945.jpg,21
2946.jpg,26
2947.jpg,39
2948.jpg,17
2949.jpg,38
2951.jpg,40
2952.jpg,83
2953.jpg,36
2954.jpg,43
2955.jpg,101
2956.jpg,50
3111.jpg,19
3112.jpg,9
3114.jpg,42
3153.jpg,9
3154.jpg,19
3155.jpg,28
3156.jpg,18
3157.jpg,28
3158.jpg,24
3159.jpg,32
3160.jpg,7
3268.jpg,11
3269.jpg,27
3270.jpg,19
3271.jpg,20
3274.jpg,12
3275.jpg,18
3276.jpg,19
3278.jpg,59
3279.jpg,19
3281.jpg,21
3282.jpg,44
3283.jpg,62
3284.jpg,16
3285.jpg,42
3308.jpg,82
3309.jpg,19
3310.jpg,35
3311.jpg,136
3312.jpg,89
3313.jpg,26
3314.jpg,55
3315.jpg,183
3317.jpg,38
3318.jpg,167
3319.jpg,18
3320.jpg,136
3321.jpg,82
3322.jpg,475
3323.jpg,18
3324.jpg,21
3326.jpg,128
3327.jpg,41
3328.jpg,110
3329.jpg,115
3330.jpg,60
3331.jpg,67
3332.jpg,52
3333.jpg,115
3334.jpg,150
3335.jpg,109
3336.jpg,72
3337.jpg,169
3338.jpg,175
3339.jpg,39
3341.jpg,32
3342.jpg,12
3424.jpg,3
3493.jpg,11
3494.jpg,15
3495.jpg,34
3496.jpg,89
3497.jpg,57
3498.jpg,101
3499.jpg,52
3500.jpg,22
3501.jpg,57
3502.jpg,36
3643.jpg,45
3644.jpg,19
3645.jpg,35
3646.jpg,22
3647.jpg,65
3648.jpg,15
3649.jpg,14
3650.jpg,25
3651.jpg,6
3652.jpg,26
3653.jpg,42
3655.jpg,3
3656.jpg,44
3657.jpg,14
3658.jpg,15
3659.jpg,23
3693.jpg,66
3694.jpg,30
3695.jpg,26
3696.jpg,12
3697.jpg,9
3698.jpg,103
4061.jpg,91
4062.jpg,253
4063.jpg,10
4064.jpg,134
4065.jpg,54
4066.jpg,14
4067.jpg,56
4068.jpg,10
4069.jpg,171
4070.jpg,94
4071.jpg,72
4072.jpg,16
4073.jpg,27
4074.jpg,43
4077.jpg,230
4078.jpg,86
4079.jpg,33
4080.jpg,80
4082.jpg,125
4083.jpg,92
4084.jpg,14
4085.jpg,124
4086.jpg,13
4087.jpg,147
4088.jpg,26
4089.jpg,71
4110.jpg,14
4111.jpg,32
4112.jpg,11
4113.jpg,45
4114.jpg,19
4115.jpg,12
4116.jpg,17
4118.jpg,12
4119.jpg,12
4120.jpg,37
4121.jpg,7
4122.jpg,5
4123.jpg,11
4170.jpg,47
4173.jpg,5
4174.jpg,17
4175.jpg,12
4283.jpg,73
4284.jpg,87
4285.jpg,91
4286.jpg,364
4287.jpg,38
4288.jpg,60
4289.jpg,25
4290.jpg,51
4291.jpg,277
4292.jpg,19
4294.jpg,178
4295.jpg,93
4296.jpg,31
4297.jpg,91
4298.jpg,42
4300.jpg,63
4301.jpg,31
4302.jpg,135
4303.jpg,212
4304.jpg,22
4305.jpg,66
4405.jpg,13
4406.jpg,33
4407.jpg,90
4408.jpg,39
4409.jpg,10
4412.jpg,22
4413.jpg,20
4414.jpg,30
4415.jpg,27
4416.jpg,23
4417.jpg,46
4418.jpg,32
4419.jpg,35
4421.jpg,32
4422.jpg,17
4423.jpg,20
4492.jpg,11
4493.jpg,6
4494.jpg,11
4495.jpg,13
4496.jpg,6
4497.jpg,8
4498.jpg,8
4499.jpg,4
4500.jpg,7
4501.jpg,11
4502.jpg,6
4874.jpg,76
4875.jpg,37
4876.jpg,45
4877.jpg,21
4878.jpg,98
4879.jpg,100
4880.jpg,18
4881.jpg,35
4882.jpg,33
4883.jpg,10
4884.jpg,107
4885.jpg,45
4886.jpg,47
4887.jpg,27
4888.jpg,11
4889.jpg,46
4890.jpg,92
4891.jpg,8
4892.jpg,49
4893.jpg,45
4894.jpg,1
4895.jpg,12
4896.jpg,75
4897.jpg,38
4898.jpg,44
4900.jpg,7
4901.jpg,13
4903.jpg,22
4904.jpg,16
4905.jpg,153
4906.jpg,80
4908.jpg,31
4909.jpg,8
4910.jpg,26
4911.jpg,13
4912.jpg,33
4913.jpg,15
4915.jpg,100
4916.jpg,79
4917.jpg,48
4918.jpg,93
4919.jpg,30
4920.jpg,21
4921.jpg,27
4922.jpg,11
4923.jpg,35
4924.jpg,62
4925.jpg,152
4926.jpg,15
4927.jpg,35
4928.jpg,39
4929.jpg,29
4930.jpg,67
4931.jpg,45
4932.jpg,43
4933.jpg,43
4934.jpg,23
4935.jpg,13
4937.jpg,21
4938.jpg,59
4939.jpg,8
4940.jpg,29
4941.jpg,165
4942.jpg,45
4943.jpg,58
4944.jpg,56
4945.jpg,66
4946.jpg,60
4947.jpg,253
4948.jpg,7
4949.jpg,116
4950.jpg,34
4951.jpg,195
4952.jpg,262
4953.jpg,60
4954.jpg,7
4955.jpg,141
4956.jpg,112
4957.jpg,90
4958.jpg,67
4959.jpg,39
4960.jpg,19
4961.jpg,308
4962.jpg,37
4963.jpg,246
4964.jpg,63
4965.jpg,6
4966.jpg,30
4967.jpg,14
4969.jpg,130
4970.jpg,50
5141.jpg,24
5142.jpg,89
5143.jpg,42
5144.jpg,74
5145.jpg,21
5147.jpg,54
5148.jpg,12
5149.jpg,181
5356.jpg,24
5357.jpg,27
5358.jpg,41
5359.jpg,32
5360.jpg,84
5361.jpg,25
5362.jpg,60
5363.jpg,40
5364.jpg,32
5365.jpg,75
5366.jpg,109
5367.jpg,190
5368.jpg,249
5369.jpg,39
5371.jpg,49
5372.jpg,38
5373.jpg,58
5374.jpg,28
5375.jpg,31
5376.jpg,18
5377.jpg,11
5378.jpg,12
5379.jpg,13
5380.jpg,14
5381.jpg,15
5382.jpg,11
5383.jpg,6
5385.jpg,10
5386.jpg,14
5387.jpg,4
5388.jpg,32
5390.jpg,12
5391.jpg,10
5458.jpg,51
5459.jpg,76
5460.jpg,124
5461.jpg,21
5463.jpg,29
5464.jpg,55
5503.jpg,124
5504.jpg,106
5505.jpg,158
5506.jpg,69
5507.jpg,245
5508.jpg,115
5509.jpg,138
5510.jpg,119
5511.jpg,39
5512.jpg,77
5513.jpg,100
5514.jpg,109
5562.jpg,19
5563.jpg,203
5564.jpg,14
5565.jpg,14
5566.jpg,35
5567.jpg,60
5568.jpg,17
5571.jpg,28
5572.jpg,12
5573.jpg,30
5574.jpg,134
5575.jpg,19
5576.jpg,99
5577.jpg,32
5578.jpg,42
5579.jpg,44
5580.jpg,57
5581.jpg,10
5582.jpg,70
5583.jpg,15
5584.jpg,67
5585.jpg,59
5587.jpg,30
5588.jpg,80
5590.jpg,27
5591.jpg,47
5592.jpg,126
5593.jpg,39
5594.jpg,20
5595.jpg,19
5596.jpg,60
5597.jpg,98
5598.jpg,34
5599.jpg,32
5600.jpg,172
5601.jpg,39
5602.jpg,25
5791.jpg,13
5792.jpg,12
5793.jpg,86
5794.jpg,16
5795.jpg,87
5796.jpg,88
5797.jpg,93
5798.jpg,32
5799.jpg,23
5800.jpg,13
5801.jpg,184
5802.jpg,11
5803.jpg,27
5804.jpg,12
5805.jpg,13
5806.jpg,23
5807.jpg,146
5808.jpg,30
5809.jpg,11
5810.jpg,104
5811.jpg,22
5812.jpg,22
5813.jpg,18
5814.jpg,38
5815.jpg,104
5816.jpg,116
5817.jpg,33
5818.jpg,81
5819.jpg,16
5820.jpg,24
5821.jpg,71
5822.jpg,182
5823.jpg,73
5824.jpg,25
5825.jpg,21
5826.jpg,18
5827.jpg,36
5828.jpg,11
5829.jpg,204
5830.jpg,23
5831.jpg,74
5832.jpg,102
5833.jpg,66
5834.jpg,31
5835.jpg,71
5836.jpg,16
5837.jpg,6
5838.jpg,89
5839.jpg,37
5840.jpg,123
5841.jpg,74
5842.jpg,32
5843.jpg,51
5844.jpg,72
5845.jpg,30
5846.jpg,39
5847.jpg,17
5848.jpg,5
5849.jpg,43
5850.jpg,12
5851.jpg,48
5852.jpg,34
5853.jpg,74
5854.jpg,33
5855.jpg,81
5856.jpg,68
5915.jpg,22
5916.jpg,86
5917.jpg,26
5918.jpg,26
5919.jpg,27
5920.jpg,47
5921.jpg,28
5922.jpg,68
5923.jpg,22
5924.jpg,21
5925.jpg,16
5926.jpg,17
5927.jpg,14
5928.jpg,58
5929.jpg,70
5930.jpg,21
5931.jpg,9
5932.jpg,31
5933.jpg,14
5934.jpg,22
5935.jpg,14
5936.jpg,26
5937.jpg,17
5938.jpg,31
5939.jpg,6
5940.jpg,13
5941.jpg,12
5942.jpg,21
5943.jpg,59
5944.jpg,19
6042.jpg,22
6043.jpg,117
6044.jpg,86
6045.jpg,43
6046.jpg,64
6047.jpg,147
6048.jpg,126
6049.jpg,124
6050.jpg,137
6051.jpg,84
6052.jpg,56
6053.jpg,133
6054.jpg,139
6240.jpg,37
6241.jpg,259
6242.jpg,85
6243.jpg,24
6244.jpg,42
6245.jpg,46
6246.jpg,18
6247.jpg,42
6248.jpg,51
6249.jpg,148
6250.jpg,51
6251.jpg,19
6252.jpg,80
6253.jpg,61
6254.jpg,27
6255.jpg,31
6256.jpg,47
6257.jpg,23
6258.jpg,12
6259.jpg,101
6260.jpg,51
6261.jpg,357
6262.jpg,67
6263.jpg,21
6264.jpg,33
6265.jpg,89
6266.jpg,65
6267.jpg,79
6268.jpg,29
6269.jpg,60
6270.jpg,103
6271.jpg,280
6272.jpg,104
6273.jpg,40
6274.jpg,7
6275.jpg,47
6276.jpg,36
6277.jpg,39
6278.jpg,48
6279.jpg,5
6280.jpg,42
6281.jpg,646
6282.jpg,72
6283.jpg,9
6284.jpg,68
6285.jpg,84
6547.jpg,91
6548.jpg,16
6549.jpg,32
6550.jpg,9
6643.jpg,32
6644.jpg,590
6645.jpg,35
6646.jpg,2
6647.jpg,190
6648.jpg,77
6649.jpg,35
6650.jpg,34
6651.jpg,22
6652.jpg,39
6653.jpg,290
6654.jpg,92
6655.jpg,93
6656.jpg,113
6657.jpg,124
6658.jpg,331
6659.jpg,5
6660.jpg,15
6661.jpg,301
7627.jpg,24
7625.jpg,32
6971.jpg,110
7643.jpg,52
7635.jpg,16
7662.jpg,36
7665.jpg,38
7661.jpg,40
6829.jpg,128
7650.jpg,40
7596.jpg,293
7262.jpg,25
7614.jpg,35
7640.jpg,35
6936.jpg,100
7114.jpg,247
7493.jpg,46
7298.jpg,29
7283.jpg,25
6965.jpg,76
7027.jpg,130
7693.jpg,84
7483.jpg,242
7341.jpg,11
7095.jpg,67
7438.jpg,50
6771.jpg,24
7586.jpg,49
7645.jpg,13
6938.jpg,48
7076.jpg,33
6943.jpg,42
6823.jpg,23
7567.jpg,77
7542.jpg,52
7398.jpg,53
7071.jpg,99
7240.jpg,52
6859.jpg,35
7617.jpg,22
6879.jpg,13
7580.jpg,17
7668.jpg,30
6996.jpg,78
7595.jpg,26
6876.jpg,87
7605.jpg,24
6733.jpg,32
7689.jpg,16
7370.jpg,14
7424.jpg,79
6804.jpg,14
7145.jpg,21
7205.jpg,83
6732.jpg,53
6852.jpg,83
7277.jpg,32
6928.jpg,36
7128.jpg,45
7146.jpg,28
7222.jpg,66
6986.jpg,56
7417.jpg,51
7449.jpg,53
7687.jpg,24
6892.jpg,74
7273.jpg,49
7263.jpg,62
6923.jpg,38
6715.jpg,41
7555.jpg,44
7342.jpg,53
7365.jpg,47
7161.jpg,44
7564.jpg,64
7216.jpg,37
7554.jpg,191
6735.jpg,61
6711.jpg,108
7443.jpg,389
6822.jpg,196
7707.jpg,336
6803.jpg,39
6922.jpg,131
6950.jpg,30
7484.jpg,31
7384.jpg,21
7583.jpg,32
7557.jpg,14
7709.jpg,29
7080.jpg,24
7126.jpg,49
6838.jpg,4
7000.jpg,54
6736.jpg,90
7694.jpg,62
6742.jpg,20
7683.jpg,39
7581.jpg,38
7695.jpg,34
7442.jpg,116
6906.jpg,42
7098.jpg,77
7565.jpg,85
7200.jpg,65
7120.jpg,60
7097.jpg,62
7039.jpg,46
7123.jpg,29
6710.jpg,59
6857.jpg,108
6964.jpg,97
7067.jpg,90
7523.jpg,37
6810.jpg,27
7536.jpg,29
6760.jpg,119
6994.jpg,191
7043.jpg,122
7410.jpg,68
7711.jpg,196
6973.jpg,163
7201.jpg,222
6828.jpg,15
7319.jpg,493
6935.jpg,101
7079.jpg,66
7462.jpg,176
7034.jpg,54
7526.jpg,28
6898.jpg,227
7198.jpg,48
6815.jpg,107
7473.jpg,336
7219.jpg,55
7015.jpg,75
7329.jpg,118
7401.jpg,124
7426.jpg,289
6993.jpg,81
7491.jpg,202
7511.jpg,72
6785.jpg,98
7455.jpg,92
7221.jpg,89
7637.jpg,90
7676.jpg,147
7666.jpg,42
7633.jpg,30
7688.jpg,31
6839.jpg,79
7366.jpg,53
7251.jpg,21
7082.jpg,68
7042.jpg,39
7598.jpg,30
7075.jpg,65
7475.jpg,43
6750.jpg,69
7239.jpg,70
6847.jpg,54
6893.jpg,16
7622.jpg,27
7328.jpg,83
6713.jpg,72
6811.jpg,48
7639.jpg,56
7281.jpg,37
7248.jpg,47
7153.jpg,40
7312.jpg,18
7530.jpg,2
7679.jpg,13
7472.jpg,16
7090.jpg,14
7056.jpg,28
6833.jpg,19
7420.jpg,14
7588.jpg,49
7550.jpg,17
7525.jpg,52
6956.jpg,32
7295.jpg,68
7106.jpg,26
7065.jpg,31
6869.jpg,49
7480.jpg,24
7547.jpg,9
7134.jpg,20
7282.jpg,37
7474.jpg,70
6980.jpg,59
7140.jpg,23
7459.jpg,27
7535.jpg,28
7463.jpg,26
7701.jpg,39
7195.jpg,320
7700.jpg,55
6860.jpg,184
6856.jpg,14
7174.jpg,75
7486.jpg,59
7440.jpg,40
7378.jpg,262
7590.jpg,110
7713.jpg,40
6743.jpg,31
7488.jpg,29
7573.jpg,30
7520.jpg,21
6813.jpg,21
6960.jpg,31
7192.jpg,25
6904.jpg,16
7671.jpg,101
7539.jpg,137
7522.jpg,105
7023.jpg,103
7592.jpg,109
7345.jpg,127
6855.jpg,67
7206.jpg,97
7129.jpg,128
7030.jpg,108
7284.jpg,65
7386.jpg,74
7108.jpg,87
6920.jpg,28
7253.jpg,39
7359.jpg,25
7411.jpg,220
7339.jpg,113
7167.jpg,266
7381.jpg,78
7609.jpg,155
6959.jpg,191
7506.jpg,33
6962.jpg,27
7117.jpg,82
6827.jpg,22
7538.jpg,51
7521.jpg,29
7678.jpg,151
7062.jpg,62
6842.jpg,169
7171.jpg,644
7611.jpg,2030
6908.jpg,64
6739.jpg,115
7131.jpg,135
7529.jpg,79
7109.jpg,48
7144.jpg,129
7176.jpg,37
7096.jpg,13
6809.jpg,148
6849.jpg,40
6954.jpg,101
7714.jpg,44
7188.jpg,73
7527.jpg,60
7173.jpg,66
7514.jpg,37
7682.jpg,20
6756.jpg,39
7452.jpg,64
7175.jpg,34
7361.jpg,26
7389.jpg,30
7710.jpg,14
7050.jpg,30
6990.jpg,33
6985.jpg,144
7387.jpg,75
7347.jpg,83
7278.jpg,63
6788.jpg,169
7490.jpg,159
7118.jpg,34
7136.jpg,87
7512.jpg,126
6918.jpg,74
7500.jpg,79
7047.jpg,90
7412.jpg,19
6901.jpg,39
